-- phpMyAdmin SQL Dump
-- version 4.8.3
-- https://www.phpmyadmin.net/
--
-- Host: 127.0.0.1
-- Generation Time: Dec 01, 2019 at 08:07 PM
-- Server version: 10.1.37-MariaDB
-- PHP Version: 7.2.12

SET SQL_MODE = "NO_AUTO_VALUE_ON_ZERO";
SET AUTOCOMMIT = 0;
START TRANSACTION;
SET time_zone = "+00:00";


/*!40101 SET @OLD_CHARACTER_SET_CLIENT=@@CHARACTER_SET_CLIENT */;
/*!40101 SET @OLD_CHARACTER_SET_RESULTS=@@CHARACTER_SET_RESULTS */;
/*!40101 SET @OLD_COLLATION_CONNECTION=@@COLLATION_CONNECTION */;
/*!40101 SET NAMES utf8mb4 */;

--
-- Database: `rentacarapp`
--

-- --------------------------------------------------------

--
-- Table structure for table `kategorije`
--

CREATE TABLE `kategorije` (
  `kategorija` varchar(255) NOT NULL,
  `opis` text NOT NULL,
  `trajanje` int(11) NOT NULL
) ENGINE=InnoDB DEFAULT CHARSET=latin1;

--
-- Dumping data for table `kategorije`
--

INSERT INTO `kategorije` (`kategorija`, `opis`, `trajanje`) VALUES
('A', 'Motocikl', 5),
('B', 'Auto', 10),
('C', 'Kamion', 5),
('D', 'Autobus', 7);

-- --------------------------------------------------------

--
-- Table structure for table `korisnici`
--

CREATE TABLE `korisnici` (
  `id_korisnika` int(11) NOT NULL,
  `ime` varchar(255) NOT NULL,
  `prezime` varchar(255) NOT NULL,
  `email` varchar(255) NOT NULL,
  `datum_rodjenja` date NOT NULL,
  `username` varchar(255) NOT NULL,
  `password` varchar(255) NOT NULL
) ENGINE=InnoDB DEFAULT CHARSET=latin1;

--
-- Dumping data for table `korisnici`
--

INSERT INTO `korisnici` (`id_korisnika`, `ime`, `prezime`, `email`, `datum_rodjenja`, `username`, `password`) VALUES
(1, 'Nikola', 'Dimitrijevic', 'nikola@obukeikursevi.com', '2018-01-31', 'admin', 'admin');

-- --------------------------------------------------------

--
-- Table structure for table `proizvodjaci`
--

CREATE TABLE `proizvodjaci` (
  `imeproizvodjaca` varchar(255) NOT NULL,
  `zemljaporekla` varchar(255) NOT NULL
) ENGINE=InnoDB DEFAULT CHARSET=latin1;

--
-- Dumping data for table `proizvodjaci`
--

INSERT INTO `proizvodjaci` (`imeproizvodjaca`, `zemljaporekla`) VALUES
('Audi', 'Nemacka'),
('Fiat', 'Italija'),
('Honda', 'Japan'),
('Kia', 'Korea'),
('Mercedes', 'Nemacka'),
('Mini', 'Engleska'),
('Nisan', 'Japan'),
('Peugeot', 'Francuska'),
('Seat', 'Spanija'),
('Volvo', 'Svedska');

-- --------------------------------------------------------

--
-- Table structure for table `vozaci`
--

CREATE TABLE `vozaci` (
  `idvozaca` int(11) NOT NULL,
  `ime` varchar(255) NOT NULL,
  `prezime` varchar(255) NOT NULL,
  `godiste` int(11) NOT NULL
) ENGINE=InnoDB DEFAULT CHARSET=latin1;

--
-- Dumping data for table `vozaci`
--

INSERT INTO `vozaci` (`idvozaca`, `ime`, `prezime`, `godiste`) VALUES
(2, 'Milos', 'Djordjevic', 1989),
(3, 'Milica', 'Djuric', 1994),
(4, 'Filip', 'Simic', 1993),
(5, 'Ivan', 'Petrovic', 1992),
(6, 'Marina', 'Lukic', 1988);

-- --------------------------------------------------------

--
-- Table structure for table `vozila`
--

CREATE TABLE `vozila` (
  `idvozila` int(11) NOT NULL,
  `imeproizvodjaca` varchar(255) NOT NULL,
  `model` varchar(255) NOT NULL,
  `kategorija` varchar(10) NOT NULL,
  `godiste` int(11) NOT NULL,
  `cena` float NOT NULL
) ENGINE=InnoDB DEFAULT CHARSET=latin1;

--
-- Dumping data for table `vozila`
--

INSERT INTO `vozila` (`idvozila`, `imeproizvodjaca`, `model`, `kategorija`, `godiste`, `cena`) VALUES
(1, 'Volvo', 'FH', 'C', 2012, 30000),
(2, 'Peugeot', 'speedfight', 'A', 2003, 1000),
(3, 'Mini', 'cooper', 'B', 2008, 6000),
(4, 'Audi', 'A4', 'B', 2009, 6900),
(5, 'Fiat', '500l', 'B', 2013, 7200),
(6, 'Nisan', 'Juke', 'B', 2011, 8900),
(7, 'Mercedes', 'Actros', 'C', 2005, 13000),
(9, 'Fiat', ' grande punto', 'B', 2010, 3500);

-- --------------------------------------------------------

--
-- Table structure for table `vozilavozaci`
--

CREATE TABLE `vozilavozaci` (
  `idvozila` int(11) NOT NULL,
  `idvozaca` int(11) NOT NULL
) ENGINE=InnoDB DEFAULT CHARSET=latin1;

--
-- Dumping data for table `vozilavozaci`
--

INSERT INTO `vozilavozaci` (`idvozila`, `idvozaca`) VALUES
(2, 4),
(5, 4),
(4, 3),
(4, 6),
(3, 5),
(1, 2),
(6, 5),
(7, 2),
(6, 6),
(3, 6);

--
-- Indexes for dumped tables
--

--
-- Indexes for table `kategorije`
--
ALTER TABLE `kategorije`
  ADD PRIMARY KEY (`kategorija`);

--
-- Indexes for table `korisnici`
--
ALTER TABLE `korisnici`
  ADD PRIMARY KEY (`id_korisnika`);

--
-- Indexes for table `proizvodjaci`
--
ALTER TABLE `proizvodjaci`
  ADD PRIMARY KEY (`imeproizvodjaca`);

--
-- Indexes for table `vozaci`
--
ALTER TABLE `vozaci`
  ADD PRIMARY KEY (`idvozaca`);

--
-- Indexes for table `vozila`
--
ALTER TABLE `vozila`
  ADD PRIMARY KEY (`idvozila`),
  ADD KEY `imeproizvodjaca` (`imeproizvodjaca`),
  ADD KEY `kategorija` (`kategorija`);

--
-- Indexes for table `vozilavozaci`
--
ALTER TABLE `vozilavozaci`
  ADD KEY `idvozila` (`idvozila`),
  ADD KEY `idvozaca` (`idvozaca`);

--
-- AUTO_INCREMENT for dumped tables
--

--
-- AUTO_INCREMENT for table `korisnici`
--
ALTER TABLE `korisnici`
  MODIFY `id_korisnika` int(11) NOT NULL AUTO_INCREMENT, AUTO_INCREMENT=2;

--
-- AUTO_INCREMENT for table `vozaci`
--
ALTER TABLE `vozaci`
  MODIFY `idvozaca` int(11) NOT NULL AUTO_INCREMENT, AUTO_INCREMENT=7;

--
-- AUTO_INCREMENT for table `vozila`
--
ALTER TABLE `vozila`
  MODIFY `idvozila` int(11) NOT NULL AUTO_INCREMENT, AUTO_INCREMENT=10;

--
-- Constraints for dumped tables
--

--
-- Constraints for table `vozila`
--
ALTER TABLE `vozila`
  ADD CONSTRAINT `vozila_ibfk_1` FOREIGN KEY (`imeproizvodjaca`) REFERENCES `proizvodjaci` (`imeproizvodjaca`),
  ADD CONSTRAINT `vozila_ibfk_2` FOREIGN KEY (`kategorija`) REFERENCES `kategorije` (`kategorija`);

--
-- Constraints for table `vozilavozaci`
--
ALTER TABLE `vozilavozaci`
  ADD CONSTRAINT `vozilavozaci_ibfk_1` FOREIGN KEY (`idvozila`) REFERENCES `vozila` (`idvozila`),
  ADD CONSTRAINT `vozilavozaci_ibfk_2` FOREIGN KEY (`idvozaca`) REFERENCES `vozaci` (`idvozaca`);
COMMIT;

/*!40101 SET CHARACTER_SET_CLIENT=@OLD_CHARACTER_SET_CLIENT */;
/*!40101 SET CHARACTER_SET_RESULTS=@OLD_CHARACTER_SET_RESULTS */;
/*!40101 SET COLLATION_CONNECTION=@OLD_COLLATION_CONNECTION */;
